date,full_text,sentiment,sentiment_score,tweet_length
2019-07-30 11:09:59,"China is doing very badly, worst year in 27 - was supposed to start buying our agricultural product now - no signs that they are doing so. That is the problem with China, they just don‚Äôt come through. Our Economy has become MUCH larger than the Chinese Economy is last 3 years....",NEGATIVE,-0.9994797706604004,280.0
2020-01-24 21:18:15,"China has been working very hard to contain the Coronavirus. The United States greatly appreciates their efforts and transparency. It will all work out well. In particular, on behalf of the American People, I want to thank President Xi!",POSITIVE,0.9998537302017212,236.0
2020-01-30 00:06:52,"Just received a briefing on the Coronavirus in China from all of our GREAT agencies, who are also working closely with China. We will continue to monitor the ongoing developments. We have the best experts anywhere in the world, and they are on top of it 24/7! https://t.co/rrtF1Stk78",POSITIVE,0.9994636178016664,283.0
2020-01-30 22:04:35,"Working closely with China and others on Coronavirus outbreak. Only 5 people in U.S., all in good recovery.",NEGATIVE,-0.9790249466896056,107.0
2020-02-03 16:51:40,"Republicans in Iowa, go out and Caucus today. Your great Trade Deals with China, Mexico, Canada, Japan, South Korea and more, are DONE. Great times are coming, after waiting for decades, for our Farmers, Ranchers, Manufacturers and ALL. Nobody else could have pulled this off!",POSITIVE,0.8757922053337097,276.0
2020-02-07 10:31:22,"Just had a long and very good conversation by phone with President Xi of China. He is strong, sharp and powerfully focused on leading the counterattack on the Coronavirus. He feels they are doing very well, even building hospitals in a matter of only days. Nothing is easy, but...",POSITIVE,0.999785304069519,280.0
2020-02-21 15:24:28,"IF OUR FORMALLY TARGETED FARMERS NEED ADDITIONAL AID UNTIL SUCH TIME AS THE TRADE DEALS WITH CHINA, MEXICO, CANADA AND OTHERS FULLY KICK IN, THAT AID WILL BE PROVIDED BY THE FEDERAL GOVERNMENT, PAID FOR OUT OF THE MASSIVE TARIFF MONEY COMING INTO THE USA!",NEGATIVE,-0.9937621951103209,255.0
2020-02-24 21:42:02,The Coronavirus is very much under control in the USA. We are in contact with everyone and all relevant countries. CDC &amp; World Health have been working hard and very smart. Stock Market starting to look very good to me!,POSITIVE,0.9996932148933412,223.0
2020-02-26 02:29:21,"CDC and my Administration are doing a GREAT job of handling Coronavirus, including the very early closing of our borders to certain areas of the world. It was opposed by the Dems, ‚Äútoo soon‚Äù, but turned out to be the correct decision. No matter how well we do, however, the.....",POSITIVE,0.7886319756507874,278.0
2020-02-26 11:39:45,"Just landed. India was great, trip very successful. Heading to the White House. Meetings and calls scheduled today. @CDCgov, @SecAzar and all doing a great job with respect to Coronavirus! Briefing this afternoon.",POSITIVE,0.9997660517692566,213.0
2020-02-28 01:53:59,‚ÄúAnti-Trump Network @CNN doing whatever it can to stoke a national Coronavirus panic. The far left Network pretty much ignoring anyone who they interview who doesn‚Äôt blame President Trump.‚Äù @trish_regan @FoxNews Media refuses to discuss the great job our professionals are doing!,NEGATIVE,-0.9995527863502502,279.0
2020-02-28 02:39:20,"Congratulations and thank you to our great Vice President &amp; all of the many professionals doing such a fine job at CDC &amp; all other agencies on the Coronavirus situation. Only a very small number in U.S., &amp; China numbers look to be going down. All countries working well together!",POSITIVE,0.9930111765861512,291.0
2020-02-28 05:05:02,"So, the Coronavirus, which started in China and spread to various countries throughout the world, but very slowly in the U.S. because President Trump closed our border, and ended flights, VERY EARLY, is now being blamed, by the Do Nothing Democrats, to be the fault of ‚ÄúTrump‚Äù.",NEGATIVE,-0.9987509250640868,277.0
2020-02-29 17:02:35,I will be having a 1:30 P.M. Press Conference at the White House to discuss the latest CoronaVirus developments. Thank you!,POSITIVE,0.9995413422584534,123.0
2020-03-01 13:31:59,"Coronavirus: In addition to screening travelers ‚Äúprior to boarding‚Äù from certain designated high risk countries, or areas within those countries, they will also be screened when they arrive in America. Thank you! @VP @SecAzar @CDCgov @CDCDirector",POSITIVE,0.994567573070526,246.0
2020-03-01 20:17:46,"A Poll in today‚Äôs New York Post says that 77% of ‚ÄúU.S. adults have confidence in their government‚Äôs ability to handle the Coronavirus (Number One), compared to other health threats.‚Äù 64% for Zika, 58% for Ebola. Others way down on list. Our professionals are doing a great job!",POSITIVE,0.991356074810028,277.0
2020-03-02 12:55:20,I was criticized by the Democrats when I closed the Country down to China many weeks ahead of what almost everyone recommended. Saved many lives. Dems were working the Impeachment Hoax. They didn‚Äôt have a clue! Now they are fear mongering. Be calm &amp; vigilant!,NEGATIVE,-0.99021577835083,263.0
2020-03-03 06:34:02,"Australia‚Äôs Central Bank cut interest rates and stated it will most likely further ease in order to make up for China‚Äôs Coronavirus situation and slowdown. They reduced to 0.5%, a record low. Other countries are doing the same thing, if not more so. Our Federal Reserve has us....",NEGATIVE,-0.9954386353492736,280.0
2020-03-05 20:34:49,"Gallup just gave us the highest rating ever for the way we are handling the CoronaVirus situation. The April 2009-10 Swine Flu, where nearly 13,000 people died in the U.S., was poorly handled. Ask MSDNC &amp; lightweight Washington failure @RonaldKlain, who the President was then?",NEGATIVE,-0.9996002316474916,281.0
2020-03-09 11:20:43,"The Fake News Media and their partner, the Democrat Party, is doing everything within its semi-considerable power (it used to be greater!) to inflame the CoronaVirus situation, far beyond what the facts would warrant. Surgeon General, ‚ÄúThe risk is low to the average American.‚Äù",NEGATIVE,-0.9702780842781068,277.0
2020-03-09 13:11:47,Great job being done by the @VP and the CoronaVirus Task Force. Thank you!,POSITIVE,0.9998310208320618,74.0
2020-03-10 11:08:03,Going up fast. We need the Wall more than ever! https://t.co/7TxErJKAgT,POSITIVE,0.988768994808197,71.0
2020-03-11 14:22:00,"Vanity Fair Magazine, which will soon be out of business, and their third rate Fake reporters, who make up sources which don‚Äôt exist, wrote yet another phony &amp; boring hit piece. The facts are just the opposite. Our team is doing a great job with CoronaVirus!",NEGATIVE,-0.9996356368064879,262.0
2020-03-11 18:50:10,Someone needs to tell the Democrats in Congress that CoronaVirus doesn‚Äôt care what party you are in. We need to protect ALL Americans!,NEGATIVE,-0.9995631575584412,134.0
2020-03-14 19:06:09,Just had a nice conversation with Prime Minister @JustinTrudeau of Canada. Great to hear that his wonderful wife Sophie is doing very well. The United States and Canada will continue to coordinate closely together on COVID-19.,POSITIVE,0.9998621344566344,226.0
2020-03-16 22:51:54,"The United States will be powerfully supporting those industries, like Airlines and others, that are particularly affected by the Chinese Virus. We will be stronger than ever before!",POSITIVE,0.9996197819709778,182.0
2020-03-18 10:41:14,"For the people that are now out of work because of the important and necessary containment policies, for instance the shutting down of hotels, bars and restaurants, money will soon be coming to you. The onslaught of the Chinese Virus is not your fault! Will be stronger than ever!",POSITIVE,0.9873407483100892,280.0
2020-03-22 02:53:27,CHINESE VIRUS FACT CHECK https://t.co/qJugCylvE2,NEGATIVE,-0.9952591061592102,48.0
2020-03-29 17:48:36,"‚ÄúPresident Trump is a ratings hit. Since reviving the daily White House briefing Mr. Trump and his coronavirus updates have attracted an average audience of 8.5 million on cable news, roughly the viewership of the season finale of ‚ÄòThe Bachelor.‚Äô Numbers are continuing to rise...",POSITIVE,0.9989205002784728,280.0
2020-03-31 14:55:00,Thank you Mike! https://t.co/RqiQ6YdQkf,POSITIVE,0.9992033839225768,39.0
2020-04-04 15:17:20,I agree with this. Watch! https://t.co/CouUHHu13t,POSITIVE,0.9964792132377625,49.0
2020-04-05 16:30:32,Thank you Gayle! https://t.co/DN4DDoHPtu,POSITIVE,0.9992862939834596,40.0
2020-04-09 15:08:05,.@OANN  A key CoronaVirus Model is now predicting far fewer deaths than the number shown in earlier models. That‚Äôs because the American people are doing a great job. Social Distancing etc. Keep going!,NEGATIVE,-0.9929588437080384,200.0
2020-04-10 04:57:58,Tim Scott is Great! https://t.co/O1Aivbc2yG,POSITIVE,0.9997804164886476,43.0
2020-04-11 22:35:35,"The Wall Street Journal Editorial Board doesn‚Äôt have a clue on how to fight and win. Their views on Tariffs &amp; Trade are losers for the U.S., but winners for other countries, including China. If we followed their standards,  we‚Äôd have no Country left. They should love Sleepy Joe!",POSITIVE,0.9825232625007628,283.0
2020-04-11 23:34:58,"So now the Fake News @nytimes is tracing the CoronaVirus origins back to Europe, NOT China. This is a first! I wonder what the Failing New York Times got for this one? Are there any NAMED sources? They were recently thrown out of China like dogs, and obviously want back in. Sad!",NEGATIVE,-0.9994319677352904,279.0
2020-04-12 22:51:33,"Sorry Fake News, it‚Äôs all on tape. I banned China long before people spoke up. Thank you @OANN https://t.co/d40JQkUZg5",NEGATIVE,-0.9973629713058472,118.0
2020-04-13 02:08:16,"The @nytimes story is a Fake, just like the ‚Äúpaper‚Äù itself. I was criticized for moving too fast when I issued the China Ban, long before most others wanted to do so. @SecAzar told me nothing until later, and Peter Navarro memo was same as Ban (see his statements). Fake News!",NEGATIVE,-0.9993965625762941,276.0
2020-04-16 18:24:30,"Crazy Nancy Pelosi deleted this from her Twitter account. She wanted everyone to pack into Chinatown long after I closed the BORDER TO CHINA. Based on her statement, she is responsible for many deaths. She‚Äôs an incompetent, third-rate politician! https://t.co/uWNI7DCG3o",NEGATIVE,-0.9981133937835692,270.0
2020-04-17 16:30:05,"China has just announced a doubling in the number of their deaths from the Invisible Enemy. It is far higher than that and far higher than the U.S., not even close!",POSITIVE,0.9865785837173462,164.0
2020-04-19 19:18:05,"‚ÄúOn February 19th there was a Democratic Debate, in Las Vegas. Three words weren‚Äôt said: Virus, CoronaVirus, or COVID19. NEVER came up!‚Äù @BretBaier",NEGATIVE,-0.9971624612808228,147.0
2020-04-22 10:50:19,‚ÄúEconomic impact of Covid-19.‚Äù @foxandfriends Very interesting analysis. Light at the end of the tunnel. Thank you!,POSITIVE,0.9989173412322998,115.0
2020-04-23 12:14:09,"We did it once, we will quickly do it a second time! https://t.co/iSHk0JIMSV",NEGATIVE,-0.9930627346038818,76.0
2020-04-23 12:16:41,Please study this closely. We saved many lives with our fast action on CoronaVirus! https://t.co/IKtkciXEEO,POSITIVE,0.9940665960311891,107.0
2020-04-24 14:59:34,"Great conversation with President Lenin Moreno of the Republic of Ecuador. We will be sending them desperately needed Ventilators, of which we have recently manufactured many, and helping them in other ways. They are fighting hard against CoronaVirus!",POSITIVE,0.997645378112793,251.0
2020-04-25 22:23:30,"I never said the pandemic was a Hoax! Who would say such a thing? I said that the Do Nothing Democrats, together with their Mainstream Media partners, are the Hoax. They have been called out &amp; embarrassed on this, even admitting they were wrong, but continue to spread the lie!",NEGATIVE,-0.9911512732505798,281.0
2020-04-29 04:23:38,"The only reason the U.S. has reported one million cases of CoronaVirus is that our Testing is sooo much better than any other country in the World. Other countries are way behind us in Testing, and therefore show far fewer cases!",NEGATIVE,-0.994953155517578,229.0
2020-05-02 23:04:53,"No reason to turn it down, except politics. We have plenty of testing. Maybe you need a new Doctor over there. Crazy Nancy will use it as an excuse not to show up to work! https://t.co/NucH4dbKBL",NEGATIVE,-0.9986709356307985,195.0
2020-05-03 03:30:19,"Beautiful, thank you to our GREAT @BlueAngels and @AFThunderbirds! https://t.co/42ftZmOlQe",POSITIVE,0.9997642040252686,90.0
2020-05-03 12:52:37,Thank you! https://t.co/s3aLt9qTVZ,POSITIVE,0.999537229537964,34.0
2020-05-05 02:45:35,THANK YOU #USNSComfort! https://t.co/Hp89n5xGIK,NEGATIVE,-0.6179112195968628,47.0
2020-05-05 12:33:32,Exciting to see our Country starting to open up again! https://t.co/My5yPSZdS3,POSITIVE,0.9995597004890442,78.0
2020-05-10 23:25:53,".@CBS and their show, @60Minutes, are doing everything within their power, which is far less today than it was in the past, to defend China and the horrible Virus pandemic that was inflicted on the USA and the rest of the World. I guess they want to do business in China!",NEGATIVE,-0.986772119998932,271.0
2020-05-11 13:56:57,"Coronavirus numbers are looking MUCH better, going down almost everywhere. Big progress being made!",NEGATIVE,-0.9768226742744446,99.0
2020-05-15 18:50:48,I am proud to announce that the United States will donate ventilators to our friends in India. We stand with India and @narendramodi during this pandemic. We‚Äôre also cooperating on vaccine development. Together we will beat the invisible enemy!,POSITIVE,0.9993792772293092,244.0
2020-05-18 14:41:43,We are with them! https://t.co/H7DRHXPJYb,POSITIVE,0.9372806549072266,41.0
2020-05-20 12:35:39,"Some wacko in China just released a statement blaming everybody other than China for the Virus which has now killed hundreds of thousands of people. Please explain to this dope that it was the ‚Äúincompetence of China‚Äù, and nothing else, that did this mass Worldwide killing!",NEGATIVE,-0.9987817406654358,273.0
2020-05-21 22:41:20,I will be lowering the flags on all Federal Buildings and National Monuments to half-staff over the next three days in memory of the Americans we have lost to the CoronaVirus....,NEGATIVE,-0.9957295060157776,178.0
2020-05-23 12:28:52,"All things that I have GOTTEN DONE, including Criminal Justice Reform! https://t.co/YWaQwLHlNC",NEGATIVE,-0.9752291440963744,94.0
2020-05-24 02:31:59,"Many physicians agree with you. Also, some very good studies! @SteveFDA @US_FDA https://t.co/NDHSTqvhoa",POSITIVE,0.998867392539978,103.0
2020-05-24 14:08:36,"The United States cannot have all Mail In Ballots. It will be the greatest Rigged Election in history. People grab them from mailboxes, print thousands of forgeries and ‚Äúforce‚Äù people to sign. Also, forge names. Some absentee OK, when necessary. Trying to use Covid for this Scam!",NEGATIVE,-0.9925370216369628,280.0
2020-05-25 00:38:54,"The Democrats are trying to Rig the 2020 Election, plain and simple! https://t.co/jlDhzGRnqa",NEGATIVE,-0.9976959228515624,92.0
2020-05-25 20:16:06,"Great reviews on our handling of Covid 19, sometimes referred to as the China Virus. Ventilators, Testing, Medical Supply Distribution, we made a lot of Governors look very good - And got no credit for so doing. Most importantly, we helped a lot of great people!",POSITIVE,0.9988470077514648,262.0
2020-05-26 19:37:26,"Didn‚Äôt Obama, whose Administration has now been caught cold illegally spying on the Trump campaign, recently also get caught playing golf on a course in Virginia, despite his wife Michelle urging people to stay home, before and after his round, in a major public service message?",NEGATIVE,-0.9913116097450256,279.0
2020-05-27 13:19:37,"The Radical Left Lamestream Media, together with their partner, the Do Nothing Democrats, are trying to spread a new narrative that President Trump was slow in reacting to Covid 19. Wrong, I was very fast, even doing the Ban on China long before anybody thought necessary!",NEGATIVE,-0.9981480240821838,272.0
2020-05-28 13:37:57,"We have just reached a very sad milestone with the coronavirus pandemic deaths reaching 100,000. To all of the families &amp; friends of those who have passed, I want to extend my heartfelt sympathy &amp; love for everything that these great people stood for &amp; represent. God be with you!",POSITIVE,0.9958627223968506,292.0
2020-05-28 14:34:10,"All over the World the CoronaVirus, a very bad ‚Äúgift‚Äù from China, marches on. Not good!",NEGATIVE,-0.9998054504394532,87.0
2020-06-09 17:43:35,"I am allocating $2.96 BILLION in Emergency Solutions Grants to support homeless Americans and those at risk of becoming homeless because of job or wage loss, or illness due to COVID-19. We are taking care of our Nation‚Äôs most vulnerable citizens. Thanks @SecretaryCarson!",POSITIVE,0.9961893558502196,271.0
2020-06-11 22:44:07,"Great work @RepChipRoy, together we are keeping AMERICAN WORKERS employed! https://t.co/zYGM7ToHNm",POSITIVE,0.996769368648529,98.0
2020-06-15 14:02:15,"The Far Left Fake News Media, which had no Covid problem with the Rioters &amp; Looters destroying Democrat run cities, is trying to Covid Shame us on our big Rallies. Won‚Äôt work!",NEGATIVE,-0.9997209310531616,179.0
2020-06-22 04:14:37,"‚ÄúHis (President Trump‚Äôs) policies set a foundation that allowed us to survive the pandemic.‚Äù @HeyTammyBruce @SteveHiltonx @FoxNews  True, we built something so strong that we are now setting economic growth records again - Jobs &amp; Growth!!!",POSITIVE,0.999677836894989,243.0
2020-06-22 04:48:35,"Our Coronavirus testing is so much greater (25 million tests) and so much more advanced, that it makes us look like we have more cases, especially proportionally, than other countries. My message on that is very clear!",POSITIVE,0.9986028671264648,218.0
2020-06-22 13:45:23,"Because of MAIL-IN BALLOTS, 2020 will be the most RIGGED Election in our nations history - unless this stupidity is ended. We voted during World War One &amp; World War Two with no problem, but now they are using Covid in order to cheat by using Mail-Ins!",NEGATIVE,-0.9987832903862,255.0
2020-06-23 14:41:50,"We did a great job on CoronaVirus, including the very early ban on China, Ventilator production, and Testing, which is by far the most, and best, in the World. We saved millions of U.S. lives.! Yet the Fake News refuses to acknowledge this in a positive way. But they do give....",POSITIVE,0.9970853924751282,279.0
2020-06-23 19:25:07,Cases up only because of our big number testing. Mortality rate way down!!! https://t.co/bKFmgOLEGZ,NEGATIVE,-0.9981458187103271,99.0
2020-06-25 16:06:06,"The number of ChinaVirus cases goes up, because of GREAT TESTING, while the number of deaths (mortality rate), goes way down. The Fake News doesn‚Äôt like telling you that!",NEGATIVE,-0.9966988563537598,170.0
2020-06-26 03:54:49,"Coronavirus deaths are way down. Mortality rate is one of the lowest in the World. Our Economy is roaring back and will NOT be shut down. ‚ÄúEmbers‚Äù or flare ups will be put out, as necessary!",POSITIVE,0.9716470241546632,190.0
2020-06-27 19:55:30,Corrupt Joe Biden said yesterday that we have over ‚Äú120 million‚Äù people dead of Coronavirus!,NEGATIVE,-0.9853987097740172,92.0
2020-06-30 22:52:02,"As I watch the Pandemic spread its ugly face all across the world, including the tremendous damage it has done to the USA, I become more and more angry at China. People can see it, and I can feel it!",NEGATIVE,-0.6582854390144348,199.0
2020-07-03 03:44:42,"There is a rise in Coronavirus cases because our testing is so massive and so good, far bigger and better than any other country. This is great news, but even better news is that death, and the death rate, is DOWN. Also, younger people, who get better much easier and faster!",NEGATIVE,-0.6423982977867126,275.0
2020-07-05 22:34:33,"New China Virus Cases up (because of massive testing), deaths are down, ‚Äúlow and steady‚Äù. The Fake News Media should report this and also, that new job numbers are setting records!",NEGATIVE,-0.9942817091941832,180.0
2020-07-06 18:24:06,"Deaths from the China Virus are down 39%, while our great testing program continues to lead the World, by FAR! Why isn‚Äôt the Fake News reporting that Deaths are way down? It is only because they are, indeed, FAKE NEWS!",NEGATIVE,-0.9991934299468994,218.0
2020-07-06 18:36:50,"BREAKING NEWS: The Mortality Rate for the China Virus in the U.S. is just about the LOWEST IN THE WORLD! Also, Deaths in the U.S. are way down, a tenfold decrease since the Pandemic height (and, our Economy is coming back strong!).",NEGATIVE,-0.9993858337402344,231.0
2020-07-06 18:36:59,"‚ÄúTreatment with hydroxychloroquine cut the death rate significantly in sick patients hospitalized with COVID-19 ‚Äì and without heart-related side-effects, according to a new study published by Henry Ford Health System. In a large-scale retrospective analysis...",POSITIVE,0.7254598140716553,260.0
2020-07-06 23:40:03,https://t.co/0k0lEIZYJx https://t.co/MXdWcCx4JD,NEGATIVE,-0.9952734708786012,47.0
2020-07-07 12:52:40,"‚ÄúCOVID-19 (China Virus) Death Rate PLUNGES From Peak In U.S.‚Äù A Tenfold Decrease In Mortality. The Washington Times @WashTimes  Valerie Richardson.  We have the lowest Mortality Rate in the World. The Fake News should be reporting these most important of facts, but they don‚Äôt!",NEGATIVE,-0.9970372915267944,277.0
2020-07-08 13:50:41,"Economy and Jobs are growing MUCH faster than anyone (except me!) expected. Job growth is biggest in history. China Virus Mortality Rate is among the LOWEST of any country. Shaping up for a good third quarter, and a great next year! NASDAQ at new record high, 401k‚Äôs way up!!!!",POSITIVE,0.9141806960105896,277.0
2020-07-12 05:31:08,"‡§á‡§∏‡§ï‡•á ‡§™‡•Å‡§≤‡§ø‡§∏ ‡§ï‡§æ ‡§Æ‡§®‡•ã‡§¨‡§≤ ‡§¨‡§¢‡§º‡§§‡§æ ‡§π‡•à ‡§ï‡•ç‡§Ø‡§æ.
...??? @vijayrupanibjp https://t.co/uPv0DpFJEG",NEGATIVE,-0.9876112341880798,81.0
2020-07-14 04:10:05,This is why we have so many ‚Äúcases‚Äù for the media to constantly refer to! https://t.co/0f3o49q1pX,NEGATIVE,-0.987808883190155,97.0
2020-07-17 20:34:09,"In addition to nearly $8 billion that Treasury provided tribal communities, @HUDgov is releasing an additional $25 million in #CARESAct funding today to respond to the CoronaVirus with improved housing, indoor air quality, and food pantry support.",POSITIVE,0.8903243541717529,247.0
2020-07-20 19:43:46,"We are United in our effort to defeat the Invisible China Virus, and many people say that it is Patriotic to wear a face mask when you can‚Äôt socially distance. There is nobody more Patriotic than me, your favorite President! https://t.co/iQOd1whktN",POSITIVE,0.9652566313743592,248.0
2020-07-21 10:39:47,"You will never hear this on the Fake News concerning the China Virus, but by comparison to most other countries, who are suffering greatly, we are doing very well - and we have done things that few other countries could have done!",POSITIVE,0.9997528195381165,230.0
2020-07-23 12:44:12,"We did great things, but it doesn‚Äôt matter to the Dems! https://t.co/itApu2V1JU",NEGATIVE,-0.9496892094612122,79.0
2020-07-25 03:34:40,Wow. Win in 2020!!! https://t.co/q1XDB5BuTY,POSITIVE,0.9991069436073304,43.0
2020-07-26 19:44:11,"Because of my strong focus on the China Virus, including scheduled meetings on Vaccines, our economy and much else, I won‚Äôt be able to be in New York to throw out the opening pitch for the @Yankees on August 15th. We will make it later in the season!",POSITIVE,0.9992746710777284,250.0
2020-07-26 23:54:40,"We do more testing than any country in the World, by far, over 55 million tests. Fake News @CNN says we should do more testing. But even if we did 100 times more, they would then say it is still not enough. They are totally discredited, just want Sleepy Joe to win in November! https://t.co/eqtBtXrEzJ",NEGATIVE,-0.9989601373672484,301.0
2020-07-30 12:33:47,"Major China Virus flare ups in many of the countries that the Fake News was touting as doing so well. Some of these countries are now a disaster. Lamestream Media doesn‚Äôt want to report this. Also, highly inaccurate numbers being reported by many other countries!!! @WSJ",NEGATIVE,-0.9995714426040648,270.0
2020-07-30 22:45:25,"My Administration has been focused on finding treatments for Coronavirus. If you‚Äôve recovered from Coronavirus, donate your plasma today to help SAVE LIVES! Together, we will beat the Virus!

üåêhttps://t.co/YLpBCgf837 https://t.co/IyO4livTLm",POSITIVE,0.7791757583618164,240.0
2020-07-31 18:03:12,"Great job by Jim Jordan, and also some very good statements by Tony Fauci. Big progress being made! https://t.co/8Oeca9H3yq",POSITIVE,0.9996077418327332,123.0
2020-08-01 19:37:00,"I actually agree with this. Too much income disparity. Changes must be made, and soon! https://t.co/YZx6gPDTMb",NEGATIVE,-0.9972399473190308,110.0
2020-08-02 01:16:28,Big flare ups in Europe. Fake News USA doesn‚Äôt like talking about this! https://t.co/7TR2hosXqZ,NEGATIVE,-0.9926550388336182,95.0
2020-08-02 11:35:27,"Big China Virus breakouts all over the World, including nations which were thought to have done a great job. The Fake News doesn‚Äôt report this. USA will be stronger than ever before, and soon! https://t.co/pZwjvgmVTO",NEGATIVE,-0.9566397070884703,216.0
2020-08-03 11:37:25,"In an illegal late night coup, Nevada‚Äôs clubhouse Governor made it impossible for Republicans to win the state. Post Office could never handle the Traffic of Mail-In Votes without preparation. Using Covid to steal the state. See you in Court! https://t.co/cNSPINgCY7",NEGATIVE,-0.9924525618553162,266.0
2020-08-03 11:46:24,"With the exception of New York &amp; a few other locations, we‚Äôve done MUCH better than most other Countries in dealing with the China Virus. Many of these countries are now having a major second wave. The Fake News is working overtime to make the USA (&amp; me) look as bad as possible!",NEGATIVE,-0.9992525577545166,287.0
2020-08-03 13:44:56,"So Crazy Nancy Pelosi said horrible things about Dr. Deborah Birx, going after her because she was too positive on the very good job we are doing on combatting the China Virus, including Vaccines &amp; Therapeutics. In order to counter Nancy, Deborah took the bait &amp; hit us. Pathetic!",NEGATIVE,-0.9995506405830384,288.0
2020-08-04 23:01:14,Great meeting today with the CoronaVirus Task Force in the Oval Office. Stay informed at: https://t.co/p9j7kZsD7b. https://t.co/nnnUHCzOLV,POSITIVE,0.9977835416793824,138.0
2020-08-07 12:30:03,"I called the politicization of the China Virus by the Radical Left Democrats a Hoax, not the China Virus itself. Everybody knows this except for the Fake and very Corrupt Media!",NEGATIVE,-0.9989026784896852,177.0
2020-08-07 21:03:57,Pelosi and Schumer only interested in Bailout Money for poorly run Democrat cities and states. Nothing to do with China Virus! Want one trillion dollars. No interest. We are going a different way!,NEGATIVE,-0.9979085326194764,196.0
2020-08-07 22:32:51,"I will be doing a news conference on the ChinaVirus, the just announced very good economic numbers, and the improving economy, at 7pm from Bedminster, New Jersey. Also, the subject of the Beirut, Lebanon catastrophe will be discussed.",POSITIVE,0.9946880340576172,234.0
2020-08-14 16:25:47,I am ready to have @USTreasury and @SBA send additional PPP payments to small businesses that have been hurt by the ChinaVirus. DEMOCRATS ARE HOLDING THIS UP!,NEGATIVE,-0.8169735670089722,158.0
2020-08-14 19:02:33,I am ready to send Rental Assistance payments to hardworking Americans that have been hurt by the ChinaVirus. DEMOCRATS ARE HOLDING THIS UP!,POSITIVE,0.7202750444412231,140.0
2020-08-15 15:35:26,"Great work by the Governors of AZ, IA, LA, and NM (@DougDucey @IAGovernor @LouisianaGov &amp; @GovMLG) who responded to my Executive Action and promptly submitted applications, that we APPROVED QUICKLY, to support Americans out of work because of the ChinaVirus. More states to come!",POSITIVE,0.9994022250175476,283.0
2020-08-18 03:07:43,"Cuomo, just like his brother Fredo, has not got a very good memory! https://t.co/H8J0RjNlvb",NEGATIVE,-0.9995799660682678,91.0
2020-08-22 12:26:06,Many doctors and studies disagree with this! https://t.co/fpLVJZMvHS,NEGATIVE,-0.9923210740089417,68.0
2020-08-23 11:25:59,"So now the Democrats are using Mail Drop Boxes, which are a voter security disaster. Among other things, they make it possible for a person to vote multiple times. Also, who controls them, are they placed in Republican or Democrat areas? They are not Covid sanitized. A big fraud!",NEGATIVE,-0.9995065927505492,280.0
2020-08-24 22:49:50,"Joe Biden has said he would lock down the Country again. That‚Äôs crazy! We‚Äôre having record job growth and a booming stock market, but Joe would end it all and close it all down. Ridiculous!",NEGATIVE,-0.9987884759902954,189.0
2020-08-30 09:49:43,"Everything a Governor asked the Federal Government for with respect to the Pandemic, they got. They all said, on tape, the Federal government did a great job. Governor Cuomo used the word ‚Äúphenomenal.‚Äù The Task Force worked well with the States. Feds bailed out many States!",POSITIVE,0.9934980869293212,274.0
2020-09-02 12:40:13,"Seriously, is this what our great USA wants as its leader? https://t.co/vgYqhuA4BV",NEGATIVE,-0.9913287162780762,82.0
2020-09-03 12:38:03,"Governors Andrew Cuomo of New York has the worst record on death and China Virus. 11,000 people alone died in Nursing Homes because of his incompetence!",NEGATIVE,-0.9996335506439208,152.0
2020-09-03 13:35:20,"Sleepy Joe Hiden‚Äô was acknowledged by his own people to have done a terrible job on a much easier situation, H1N1 Swine Flu. The OBiden Administration failed badly on this, &amp; now he sits back in his basement and criticizes every move we make on the China Virus. DOING GREAT JOB! https://t.co/p2H40mD7Sh",NEGATIVE,-0.9931230545043944,306.0
2020-09-03 13:46:36,".@NYGovCuomo should get his puppet New York prosecutors, who have been illegally after me and my family for years, to investigate his incompetent handling of the China Virus, and all of the deaths caused by this incompetence. It is at minimum a Nursing Home Scandal - 11,000 DEAD!",NEGATIVE,-0.9991570115089417,280.0
2020-09-03 17:20:36,Crazy Nancy Pelosi said she was ‚Äúset up‚Äù by the beauty parlor owner when she improperly had the salon opened (and didn‚Äôt wear a MASK!). Does anyone want a Speaker of the House who can be so easily SET UP?,NEGATIVE,-0.996002197265625,204.0
2020-09-07 13:26:39,"Starting to get VERY high marks in our handling of the Coronavirus (China Virus), especially when compared to other countries and areas of the world. Now the Vaccines (Plus) are coming, and fast!",POSITIVE,0.9991579055786132,195.0
2020-09-08 13:21:40,"My Campaign spent a lot of money up front in order to compensate for the false reporting and Fake News concerning our handling of the China Virus. Now they see the GREAT job we have done, and we have 3 times more than we had 4 years ago - &amp; are up in polls. Lots of $‚Äôs &amp; ENERGY!",POSITIVE,0.9839153885841371,287.0
2020-09-08 16:24:37,"Because of the China Virus, my Campaign, which has raised a lot of money, was forced to spend in order to counter the Fake News reporting about the way we handled it (China Ban, etc.). We did, and are doing, a GREAT job, and have a lot of money left over, much more than 2016....",NEGATIVE,-0.9992703795433044,279.0
2020-09-10 12:38:05,Governor Cuomo has completely lost control. Sad! https://t.co/Dd2ALPn8aj,NEGATIVE,-0.9996839761734008,72.0
2020-09-10 12:39:00,"One of the WORST governors in the USA. Caused 11,000 deaths in nursing homes alone due to his bad moves and incompetence. At least he said I ‚Äúdid a phenomenal job‚Äù. But he didn‚Äôt!!! https://t.co/6FYYHJEeQB",NEGATIVE,-0.9988986253738404,205.0
2020-09-10 12:57:40,New Mexico will only be GREAT with President Trump. We will win! https://t.co/GOmS629dxF,POSITIVE,0.9966737031936646,88.0
2020-09-13 14:30:27,"But people don‚Äôt want to get mugged, beaten up, or killed. Let New York‚Äôs Finest (who proudly endorsed me!) do their job. Rehire crime squad and fired police. They will bring safety back to NYC, FAST!!! https://t.co/u14t0oSNVN",POSITIVE,0.986758828163147,226.0
2020-09-13 14:31:38,"Actually falling very steadily and fast. Deaths and hospitalizations way down, and even cases down despite far more Testing than any other country in the World, by far. India second! https://t.co/dZQEh2F7Cf",NEGATIVE,-0.99831223487854,206.0
2020-09-14 20:56:10,"Congratulations Pennsylvania. Now we await the decision on the Rigged Ballot Scam, which is so bad for our Country! https://t.co/IoqhQedPey",NEGATIVE,-0.9994745254516602,139.0
2020-09-16 01:49:22,It is STOPPED! https://t.co/ni3D4bqQ16,NEGATIVE,-0.999650537967682,38.0
2020-09-18 15:26:41,Biden FAILED BADLY with the Swine Flu. It was the Gang That Couldn‚Äôt Shoot Straight‚Äù.  He didn‚Äôt have a clue. We have done an incredible job with the much tougher China Virus!,NEGATIVE,-0.9885935783386229,175.0
2020-09-30 01:35:28,"If we listened to Joe Biden on coronavirus, millions of people would have died! https://t.co/zFRTHPIWwW",NEGATIVE,-0.9983035922050476,103.0
2020-09-30 18:01:48,"Many more people would have died from the China Virus if Sleepy Joe were your President. He didn‚Äôt even want me to close our Country to Infected China until TWO MONTHS  later, when he said I was right. Now he likes to say I didn‚Äôt close up ‚Äúfast enough‚Äù. Just another politician!",NEGATIVE,-0.9977386593818665,279.0
